time,q_shoulder,dq_shoulder,ddq_shoulder,tau_shoulder,q_elbow,dq_elbow,ddq_elbow,tau_elbow
0,0,1.404,-0,-19.1764966719,0.251277512187,1.52679581918,-0.520386099893,-4.00116539516
0.005,0.00701988210789,1.40392926508,-0.0282936268224,-19.2372910583,0.258904824824,1.52409690899,-0.559177613596,-4.00466703335
0.01,0.0140390568837,1.40371707059,-0.0565831397197,-19.2961561944,0.266518158031,1.52120405206,-0.597963712771,-4.0073073526
0.015,0.0210568170981,1.40336344739,-0.084864425469,-19.3530770001,0.27411654217,1.51811729171,-0.63673790381,-4.00909322676
0.02,0.0280724557276,1.4028684469,-0.113133372252,-19.4080396302,0.2816990079,1.5148367037,-0.67549368764,-4.01003207981
0.025,0.0350852660571,1.40223214108,-0.141385870356,-19.4610314848,0.28926458634,1.51136239635,-0.714224560991,-4.01013187507
0.03,0.0420945417826,1.40145462245,-0.169617812877,-19.5120412178,0.296812309231,1.50769451046,-0.752924017671,-4.00940110399
0.035,0.0490995771142,1.40053600405,-0.197825096419,-19.5610587446,0.3043412091,1.50383321938,-0.791585549833,-4.00784877433
0.04,0.0560996668783,1.39947641942,-0.226003621796,-19.6080752476,0.311850319424,1.49977872901,-0.83020264925,-4.00548439781
0.045,0.0630941066203,1.39827602259,-0.25414929473,-19.6530831813,0.319338674787,1.49553127779,-0.868768808589,-4.00231797731
0.05,0.0700821927069,1.39693498804,-0.282258026549,-19.6960762757,0.32680531105,1.49109113667,-0.907277522685,-3.99835999356
0.055,0.0770632224282,1.3954535107,-0.31032573489,-19.7370495382,0.334249265508,1.48645860914,-0.945722289813,-3.99362139134
0.06,0.0840364941002,1.39383180586,-0.338348344388,-19.7759992543,0.341669577056,1.48163403118,-0.984096612965,-3.98811356533
0.065,0.091001307166,1.3920701092,-0.366321787377,-19.8129229871,0.349065286348,1.47661777123,-1.02239400112,-3.98184834548
0.07,0.097956962298,1.3901686767,-0.394242004581,-19.8478195749,0.356435435964,1.4714102302,-1.06060797052,-3.97483798207
0.075,0.104902761499,1.38812778461,-0.42210494581,-19.8806891289,0.363779070569,1.46601184135,-1.09873204595,-3.96709513036
0.08,0.111838008204,1.38594772943,-0.449906570646,-19.9115330273,0.371095237072,1.46042307034,-1.13675976197,-3.95863283494
0.085,0.118762007382,1.38362882782,-0.477642849135,-19.9403539107,0.378382984796,1.45464441509,-1.17468466425,-3.94946451377
0.09,0.125674065632,1.38117141655,-0.505309762474,-19.967155674,0.385641365631,1.44867640579,-1.21250031079,-3.93960394199
0.095,0.132573491291,1.37857585248,-0.532903303695,-19.9919434585,0.3928694342,1.44251960479,-1.25020027317,-3.92906523543
0.1,0.139459594529,1.37584251246,-0.56041947835,-20.0147236422,0.400066248016,1.43617460655,-1.28777813789,-3.91786283394
0.105,0.14633168745,1.37297179328,-0.58785430519,-20.0355038285,0.407230867646,1.42964203757,-1.32522750754,-3.9060114845
0.11,0.15318908419,1.3699641116,-0.615203816847,-20.0542928349,0.414362356869,1.42292255627,-1.36254200213,-3.89352622423
0.115,0.160031101021,1.36681990389,-0.642464060502,-20.071100679,0.421459782837,1.41601685294,-1.39971526028,-3.88042236321
0.12,0.166857056445,1.36353962634,-0.669631098569,-20.0859385646,0.42852221623,1.40892564963,-1.43674094053,-3.86671546719
0.125,0.173666271293,1.36012375478,-0.696701009358,-20.0988188658,0.435548731421,1.40164970004,-1.47361272257,-3.85242134033
0.13,0.180458068827,1.35657278463,-0.723669887744,-20.1097551107,0.442538406627,1.3941897894,-1.51032430847,-3.83755600772
0.135,0.187231774832,1.35288723077,-0.750533845836,-20.1187619639,0.449490324072,1.3865467344,-1.54686942392,-3.82213569803
0.14,0.193986717718,1.34906762749,-0.777289013632,-20.1258552072,0.456403570142,1.37872138303,-1.58324181949,-3.8061768261
0.145,0.200722228613,1.34511452837,-0.803931539686,-20.1310517203,0.463277235539,1.37071461445,-1.61943527184,-3.78969597557
0.15,0.207437641462,1.34102850622,-0.830457591754,-20.1343694605,0.47011041544,1.36252733888,-1.65544358496,-3.77270988154
0.155,0.214132293122,1.33681015294,-0.856863357453,-20.1358274405,0.47690220965,1.35416049745,-1.69126059138,-3.75523541339
0.16,0.220805523457,1.33246007944,-0.883145044906,-20.1354457063,0.483651722756,1.34561506204,-1.7268801534,-3.73728955765
0.165,0.227456675432,1.32797891557,-0.909298883388,-20.1332453138,0.490358064282,1.33689203517,-1.76229616427,-3.718889401
0.17,0.234085095209,1.32336730994,-0.935321123963,-20.1292483048,0.497020348842,1.32799244978,-1.79750254944,-3.70005211346
0.175,0.24069013224,1.31862592987,-0.961208040128,-20.1234776824,0.503637696286,1.31891736912,-1.83249326772,-3.68079493177
0.18,0.247271139359,1.31375546125,-0.986955928438,-20.1159573846,0.510209231861,1.30966788656,-1.86726231249,-3.66113514292
0.185,0.253827472877,1.30875660843,-1.01256110914,-20.1067122589,0.516734086353,1.3002451254,-1.9018037129,-3.64109006796
0.19,0.260358492673,1.3036300941,-1.0380199268,-20.095768035,0.523211396238,1.29065023873,-1.93611153501,-3.62067704604
0.195,0.266863562283,1.29837665916,-1.0633287509,-20.0831512971,0.529640303834,1.28088440918,-1.97017988299,-3.5999134187
0.2,0.273342048994,1.29299706259,-1.08848397651,-20.0688894563,0.536019957443,1.27094884878,-2.00400290027,-3.57881651449
0.205,0.279793323933,1.28749208136,-1.11348202482,-20.0530107215,0.542349511504,1.26084479876,-2.03757477073,-3.55740363383
0.21,0.286216762157,1.28186251023,-1.13831934382,-20.0355440707,0.54862812673,1.25057352928,-2.0708897198,-3.53569203428
0.215,0.292611742739,1.27610916168,-1.16299240885,-20.0165192212,0.554854970261,1.24013633932,-2.10394201562,-3.51369891605
0.22,0.29897764886,1.27023286572,-1.18749772322,-19.9959666,0.5610292158,1.22953455636,-2.13672597019,-3.49144140796
0.225,0.305313867895,1.26423446981,-1.21183181881,-19.9739173134,0.567150043761,1.21876953626,-2.16923594048,-3.46893655371
0.23,0.311619791499,1.25811483863,-1.23599125663,-19.9504031165,0.573216641406,1.20784266293,-2.20146632954,-3.44620129853
0.235,0.317894815692,1.25187485402,-1.25997262743,-19.9254563821,0.579228202986,1.19675534818,-2.23341158761,-3.4232524763
0.24,0.324138340947,1.24551541477,-1.28377255225,-19.8991100702,0.585183929883,1.18550903144,-2.26506621322,-3.40010679697
0.245,0.330349772274,1.23903743649,-1.30738768301,-19.8713976965,0.591083030741,1.17410517953,-2.29642475429,-3.37678083449
0.25,0.3365285193,1.23244185146,-1.33081470306,-19.842353301,0.596924721608,1.16254528638,-2.32748180916,-3.35329101512
0.255,0.342673996357,1.22572960846,-1.35405032775,-19.8120114166,0.602708226069,1.15083087283,-2.35823202771,-3.32965360621
0.26,0.348785622562,1.2189016726,-1.377091305,-19.7804070375,0.60843277538,1.13896348633,-2.38867011242,-3.30588470537
0.265,0.354862821896,1.21195902519,-1.3999344158,-19.747575588,0.614097608599,1.12694470067,-2.41879081937,-3.28200023017
0.27,0.360905023289,1.20490266353,-1.4225764748,-19.7135528907,0.61970197272,1.11477611575,-2.4485889593,-3.25801590823
0.275,0.366911660696,1.19773360078,-1.44501433081,-19.6783751348,0.625245122799,1.10245935725,-2.47805939865,-3.23394726781
0.28,0.372882173176,1.19045286575,-1.46724486737,-19.6420788454,0.630726322087,1.0899960764,-2.50719706057,-3.20980962884
0.285,0.378816004972,1.18306150277,-1.48926500324,-19.6047008516,0.636144842152,1.07738794964,-2.5359969259,-3.18561809443
0.29,0.384712605589,1.17556057147,-1.51107169291,-19.5662782557,0.641499963008,1.0646366784,-2.56445403418,-3.16138754289
0.295,0.390571429864,1.16795114661,-1.53266192717,-19.5268484023,0.646790973237,1.05174398874,-2.59256348466,-3.13713262013
0.3,0.396391938048,1.16023431791,-1.55403273352,-19.4864488475,0.652017170114,1.03871163106,-2.62032043719,-3.11286773261
0.305,0.402173595876,1.15241118988,-1.57518117678,-19.4451173285,0.657177859724,1.02554137983,-2.64772011326,-3.08860704073
0.31,0.407915874645,1.14448288158,-1.59610435946,-19.4028917336,0.662272357085,1.01223503325,-2.67475779691,-3.06436445269
0.315,0.41361825128,1.13645052648,-1.61679942236,-19.359810072,0.667299986265,0.998794412937,-2.70142883564,-3.04015361881
0.32,0.419280208411,1.12831527226,-1.63726354497,-19.3159104448,0.672260080498,0.985221363617,-2.72772864136,-3.01598792634
0.325,0.42490123444,1.12007828057,-1.65749394597,-19.2712310154,0.677151982298,0.971517752787,-2.75365269129,-2.99188049466
0.33,0.430480823612,1.11174072691,-1.67748788368,-19.2258099811,0.681975043572,0.957685470395,-2.77919652886,-2.96784417102
0.335,0.436018476086,1.10330380035,-1.69724265653,-19.1796855443,0.686728625735,0.943726428505,-2.80435576456,-2.94389152666
0.34,0.441513697998,1.09476870339,-1.71675560352,-19.1328958851,0.691412099813,0.929642560959,-2.82912607684,-2.9200348534
0.345,0.446966001528,1.08613665172,-1.73602410462,-19.0854791337,0.696024846559,0.915435823034,-2.85350321295,-2.89628616066
0.35,0.452374904971,1.07740887405,-1.75504558126,-19.0374733431,0.700566256553,0.901108191099,-2.87748298977,-2.87265717289
0.355,0.457739932794,1.06858661185,-1.77381749671,-18.9889164631,0.705035730308,0.88666166226,-2.90106129466,-2.84915932744
0.36,0.463060615705,1.05967111918,-1.79233735652,-18.9398463139,0.709432678375,0.872098254012,-2.92423408624,-2.82580377281
0.365,0.468336490712,1.05066366247,-1.81060270894,-18.890300561,0.713756521443,0.857420003873,-2.94699739524,-2.80260136733
0.37,0.473567101186,1.04156552029,-1.82861114532,-18.8403166898,0.718006690438,0.842628969029,-2.96934732519,-2.7795626782
0.375,0.478751996922,1.03237798315,-1.84636030048,-18.7899319819,0.722182626619,0.827727225962,-2.9912800533,-2.75669798096
0.38,0.483890734196,1.02310235329,-1.86384785316,-18.7391834907,0.726283781675,0.812716870084,-3.01279183113,-2.73401725921
0.385,0.488982875823,1.01373994442,-1.88107152632,-18.6881080185,0.730309617821,0.797600015361,-3.03387898535,-2.71153020484
0.39,0.494027991216,1.00429208155,-1.89802908759,-18.6367420936,0.734259607884,0.782378793936,-3.0545379185,-2.68924621851
0.395,0.499025656441,0.994760100712,-1.9147183496,-18.5851219486,0.738133235398,0.76705535575,-3.07476510964,-2.66717441046
0.4,0.503975454271,0.985145348788,-1.93113717033,-18.5332834987,0.741929994691,0.751631868154,-3.09455711508,-2.64532360168
0.405,0.508876974239,0.975449183241,-1.94728345347,-18.4812623208,0.74564939097,0.736110515523,-3.11391056905,-2.62370232539
0.41,0.513729812693,0.965672971902,-1.96315514877,-18.4290936334,0.749290940405,0.720493498865,-3.13282218437,-2.60231882877
0.415,0.518533572844,0.955818092742,-1.97875025236,-18.3768122771,0.752854170213,0.704783035428,-3.15128875306,-2.58118107505
0.42,0.52328786482,0.945885933629,-1.99406680707,-18.3244526952,0.756338618736,0.688981358297,-3.16930714703,-2.56029674577
0.425,0.52799230571,0.935877892105,-2.00910290278,-18.2720489156,0.75974383552,0.673090715999,-3.18687431863,-2.53967324337
0.43,0.532646519615,0.925795375141,-2.02385667667,-18.219634533,0.763069381392,0.657113372097,-3.20398730128,-2.51931769406
0.435,0.537250137695,0.915639798903,-2.03832631359,-18.1672426919,0.766314828535,0.641051604781,-3.22064321007,-2.49923695079
0.44,0.541802798213,0.905412588515,-2.05251004628,-18.1149060695,0.769479760554,0.624907706462,-3.23683924228,-2.47943759659
0.445,0.546304146579,0.895115177815,-2.0664061557,-18.0626568605,0.772563772557,0.608683983357,-3.25257267796,-2.45992594801
0.45,0.550753835394,0.884749009117,-2.08001297129,-18.0105267615,0.775566471212,0.592382755075,-3.26784088047,-2.4407080588
0.455,0.555151524491,0.874315532964,-2.09332887125,-17.9585469561,0.77848747482,0.5760063542,-3.28264129695,-2.42178972375
0.46,0.559496880975,0.863816207888,-2.10635228275,-17.9067481011,0.781326413374,0.559557125868,-3.29697145885,-2.40317648274
0.465,0.563789579265,0.853252500159,-2.11908168223,-17.8551603132,0.784082928627,0.543037427347,-3.31082898244,-2.38487362489
0.47,0.568029301128,0.842625883545,-2.13151559562,-17.8038131555,0.786756674145,0.52644962761,-3.3242115692,-2.36688619286
0.475,0.57221573572,0.831937839057,-2.14365259857,-17.752735626,0.789347315368,0.509796106909,-3.33711700632,-2.34921898734
0.48,0.576348579619,0.821189854704,-2.15549131665,-17.7019561454,0.791854529664,0.493079256345,-3.34954316714,-2.33187657157
0.485,0.580427536858,0.810383425242,-2.1670304256,-17.6515025459,0.794278006383,0.476301477437,-3.36148801151,-2.31486327604
0.49,0.584452318964,0.799520051922,-2.17826865151,-17.6014020614,0.79661744691,0.459465181685,-3.37294958623,-2.29818320324
0.495,0.588422644983,0.78860124224,-2.18920477103,-17.5516813165,0.798872564707,0.442572790139,-3.38392602541,-2.2818402325
0.5,0.592338241515,0.77762850968,-2.19983761153,-17.502366318,0.801043085368,0.425626732958,-3.39441555082,-2.2658380249
0.505,0.59619884274,0.766603373462,-2.2101660513,-17.4534824455,0.803128746658,0.408629448975,-3.40441647226,-2.25018002828
0.51,0.600004190451,0.755527358288,-2.2201890197,-17.4050544434,0.805129298558,0.39158338525,-3.41392718785,-2.23486948223
0.515,0.603754034074,0.744401994086,-2.22990549734,-17.3571064129,0.807044503302,0.374490996633,-3.42294618437,-2.21990942314
0.52,0.607448130701,0.733228815749,-2.23931451621,-17.309661805,0.808874135419,0.357354745317,-3.43147203752,-2.20530268934
0.525,0.611086245108,0.722009362885,-2.24841515982,-17.2627434134,0.810617981765,0.340177100394,-3.4395034122,-2.19105192613
0.53,0.614668149779,0.710745179554,-2.25720656335,-17.2163733685,0.812275841559,0.322960537407,-3.44703906277,-2.17715959099
0.535,0.618193624932,0.69943781401,-2.26568791373,-17.170573132,0.813847526412,0.305707537905,-3.45407783328,-2.16362795858
0.54,0.621662458536,0.688088818443,-2.27385844983,-17.125363491,0.815332860356,0.28842058899,-3.46061865769,-2.15045912594
0.545,0.625074446326,0.67669974872,-2.28171746246,-17.0807645537,0.816731679873,0.27110218287,-3.46666056005,-2.13765501751
0.55,0.628429391831,0.665272164123,-2.28926429454,-17.036795745,0.818043833917,0.253754816407,-3.4722026547,-2.12521739019
0.555,0.63172710638,0.653807627087,-2.29649834118,-16.9934758029,0.819269183938,0.236380990666,-3.47724414642,-2.11314783838
0.56,0.634967409123,0.642307702944,-2.30341904969,-16.9508227746,0.820407603899,0.21898321046,-3.48178433059,-2.10144779892
0.565,0.638150127044,0.630773959657,-2.31002591975,-16.9088540141,0.821458980298,0.201563983901,-3.48582259329,-2.09011855601
0.57,0.641275094972,0.61920796756,-2.31631850335,-16.8675861797,0.822423212179,0.18412582194,-3.48935841144,-2.07916124608
0.575,0.644342155592,0.607611299096,-2.32229640494,-16.8270352315,0.823300211147,0.166671237919,-3.49239135285,-2.0685768626
0.58,0.647351159459,0.595985528555,-2.3279592814,-16.7872164302,0.82408990138,0.149202747113,-3.49492107631,-2.05836626072
0.585,0.650301965001,0.584332231812,-2.33330684211,-16.7481443358,0.824792219635,0.131722866275,-3.49694733166,-2.048530162
0.59,0.653194438529,0.57265298606,-2.33833884893,-16.7098328068,0.825407115256,0.11423411318,-3.49846995979,-2.03906915894
0.595,0.656028454244,0.560949369558,-2.34305511625,-16.6722949995,0.825934550177,0.096739006174,-3.49948889267,-2.02998372035
0.6,0.658803894238,0.549222961355,-2.34745551096,-16.6355433685,0.826374498925,0.0792400637124,-3.50000415336,-2.02127422608
0.605,0.661520648504,0.53747534104,-2.35153995246,-16.5995896664,0.826726948619,0.061739803909,-3.50001585595,-2.01294197618
0.61,0.664178614928,0.525708088469,-2.35530841264,-16.5644449453,0.826991898964,0.0442407440796,-3.49952420557,-2.00502246042
0.615,0.666777699301,0.513922783511,-2.35876091582,-16.5301195572,0.827169362253,0.0267454002865,-3.49852949829,-1.99867994311
0.62,0.669317815309,0.502121005781,-2.36189753879,-16.4966231558,0.827259363351,0.00925628688488,-3.49703212108,-2.02684400523
0.625,0.671798884536,0.490304334378,-2.36471841066,-16.4639646982,0.827261939693,-0.00822408393228,-3.49503255168,-2.20968059762
0.63,0.67422083646,0.478474347627,-2.36722371289,-16.4321524472,0.827177141266,-0.0256932025873,-3.49253135851,-2.24534202144
0.635,0.676583608449,0.466632622812,-2.36941367918,-16.4011939739,0.827005030598,-0.043148562571,-3.48952920051,-2.24079061518
0.64,0.678887145752,0.454780735921,-2.37128859544,-16.3710961599,0.826745682743,-0.0605876608949,-3.48602682704,-2.23513458103
0.645,0.681131401495,0.442920261381,-2.37284879963,-16.3418652014,0.826399185257,-0.0780079985432,-3.48202507767,-2.22980750016
0.65,0.683316336674,0.431052771798,-2.37409468176,-16.313506612,0.825965638183,-0.0954070809228,-3.47752488199,-2.22485268703
0.655,0.685441920139,0.4191798377,-2.3750266837,-16.2860252268,0.825445154023,-0.112782418313,-3.47252725946,-2.22027076535
0.66,0.687508128591,0.407303027274,-2.37564529915,-16.2594252067,0.824837857716,-0.130131526316,-3.46703331911,-2.21606097964
0.665,0.689514946561,0.395423906113,-2.37595107345,-16.2337100424,0.824143886607,-0.147451926301,-3.46104425937,-2.2122224602
0.67,0.691462366405,0.38354403695,-2.3759446035,-16.2088825596,0.823363390421,-0.164741145852,-3.45456136775,-2.20875426437
0.675,0.693350388283,0.371664979407,-2.3756265376,-16.1849449241,0.822496531226,-0.181996719214,-3.44758602062,-2.20565538023
0.68,0.695179020146,0.359788289737,-2.3749975753,-16.1618986467,0.821543483404,-0.199216187735,-3.44011968288,-2.2029247289
0.685,0.696948277715,0.347915520567,-2.37405846726,-16.1397445894,0.820504433609,-0.216397100309,-3.43216390765,-2.20056116676
0.69,0.698658184467,0.336048220641,-2.37281001506,-16.1184829711,0.819379580733,-0.233537013813,-3.42372033596,-2.1985634874
0.695,0.700308771612,0.324187934572,-2.37125307104,-16.098113374,0.818169135861,-0.25063349355,-3.41479069639,-2.19693042355
0.7,0.70190007807,0.312336202582,-2.36938853813,-16.0786347502,0.816873322231,-0.267684113685,-3.40537680469,-2.19566064881
0.705,0.703432150454,0.300494560253,-2.36721736962,-16.0600454282,0.815492375185,-0.284686457676,-3.39548056342,-2.19475277917
0.71,0.70490504304,0.288664538275,-2.364740569,-16.0423431206,0.814026542126,-0.301638118713,-3.38510396154,-2.1942053745
0.715,0.706318817747,0.276847662197,-2.36195918972,-16.0255249312,0.812476082464,-0.318536700144,-3.37424907401,-2.19401693984
0.72,0.707673544106,0.265045452173,-2.35887433497,-16.0095873626,0.810841267568,-0.335379815907,-3.36291806131,-2.19418592651
0.725,0.708969299236,0.253259422721,-2.35548715748,-15.9945263246,0.809122380707,-0.352165090954,-3.35111316905,-2.19471073312
0.73,0.710206167815,0.241491082469,-2.35179885925,-15.9803371418,0.807319717,-0.368890161677,-3.33883672743,-2.19558970646
0.735,0.711384242048,0.229741933914,-2.34781069134,-15.967014563,0.805433583351,-0.385552676332,-3.32609115082,-2.19682114218
0.74,0.712503621635,0.218013473175,-2.34352395356,-15.9545527693,0.803464298396,-0.402150295452,-3.31287893723,-2.1984032854
0.745,0.713564413742,0.20630718975,-2.33893999428,-15.9429453835,0.801412192435,-0.418680692273,-3.29920266778,-2.20033433113
0.75,0.714566732966,0.194624566276,-2.33406021009,-15.9321854794,0.799277607368,-0.435141553139,-3.28506500616,-2.20261242459
0.755,0.715510701298,0.182967078286,-2.32888604558,-15.9222655913,0.797060896631,-0.451530577919,-3.27046869811,-2.20523566138
0.76,0.716396448088,0.17133619397,-2.32341899298,-15.9131777241,0.794762425126,-0.467845480417,-3.25541657084,-2.20820208753
0.765,0.717224110011,0.159733373939,-2.31766059195,-15.9049133634,0.792382569151,-0.484083988771,-3.23991153239,-2.21150969941
0.77,0.717993831023,0.148160070989,-2.3116124292,-15.8974634858,0.789921716325,-0.500243845865,-3.22395657112,-2.21515644352
0.775,0.718705762325,0.136617729864,-2.30527613821,-15.8908185693,0.787380265515,-0.51632280972,-3.20755475502,-2.21914021617
0.78,0.71936006232,0.125107787023,-2.29865339892,-15.884968605,0.784758626761,-0.532318653897,-3.19070923111,-2.22345886304
0.785,0.719956896573,0.113631670414,-2.29174593735,-15.8799031074,0.782057221194,-0.548229167889,-3.17342322477,-2.22811017858
0.79,0.720496437767,0.102190799236,-2.28455552533,-15.8756111264,0.779276480957,-0.564052157509,-3.1557000391,-2.23309190539
0.795,0.720978865658,0.0907865837186,-2.27708398011,-15.8720812607,0.776416849123,-0.579785445277,-3.13754305423,-2.2384017334
0.8,0.721404367032,0.0794204248893,-2.269333164,-15.8693016855,0.773478779609,-0.595426870809,-3.11895572658,-2.244037299
0.805,0.721773135655,0.0680937143542,-2.26130498403,-15.8672603197,0.770462737091,-0.610974291188,-3.09994158824,-2.24999618407
0.81,0.722085372227,0.0568078340723,-2.25300139158,-15.865946309,0.767369196915,-0.626425581347,-3.08050424615,-2.25627591488
0.815,0.722341284333,0.045564156136,-2.244424382,-15.8653639062,0.764198645007,-0.641778634441,-3.06064738142,-2.26287396094
0.82,0.722541086396,0.0343640425518,-2.23557599419,-15.8656618719,0.760951577781,-0.657031362211,-3.04037474855,-2.26978773374
0.825,0.72268499962,0.0232088450234,-2.22645831026,-15.8683144544,0.757628502044,-0.672181695354,-3.01969017465,-2.27701458543
0.83,0.722773251942,0.0120999047369,-2.21707345511,-15.8856294499,0.754229934903,-0.687227583883,-2.99859755868,-2.28455180741
0.835,0.72280607798,0.00103855214789,-2.20742359599,-15.9683868581,0.750756403665,-0.702166997483,-2.97710087064,-2.29239662885
0.84,0.722783718976,-0.00997389322949,-2.19751094214,-16.0661718264,0.747208445738,-0.716997925866,-2.95520415073,-2.30054621517
0.845,0.722706422741,-0.0209361230313,-2.18733774432,-16.0925990229,0.743586608532,-0.731718379117,-2.93291150858,-2.3089976664
0.85,0.722574443601,-0.0318468402502,-2.17690629439,-16.0994976902,0.739891449355,-0.746326388041,-2.91022712236,-2.31774801558
0.855,0.722388042336,-0.0427047594403,-2.16621892491,-16.1044089574,0.736123535307,-0.760820004506,-2.88715523791,-2.32679422704
0.86,0.722147486127,-0.0535086069191,-2.15527800863,-16.1096032619,0.732283443177,-0.775197301774,-2.86370016796,-2.33613319467
0.865,0.72185304849,-0.0642571209673,-2.14408595809,-16.1153258729,0.728371759331,-0.789456374837,-2.83986629113,-2.34576174013
0.87,0.721505009223,-0.0749490520272,-2.13264522515,-16.1215899046,0.724389079608,-0.803595340743,-2.81565805115,-2.35567661109
0.875,0.721103654337,-0.0855831628972,-2.12095830051,-16.1283818821,0.720336009204,-0.81761233892,-2.79107995584,-2.36587447938
0.88,0.720649276002,-0.0961582289258,-2.10902771325,-16.1356850874,0.716213162563,-0.831505531491,-2.76613657631,-2.37635193916
0.885,0.720142172477,-0.106673038202,-2.09685603033,-16.1434822448,0.712021163258,-0.845273103594,-2.7408325459,-2.3871055051
0.89,0.719582648047,-0.117126391742,-2.08444585615,-16.1517558446,0.707760643881,-0.858913263687,-2.71517255936,-2.39813161051
0.895,0.718971012963,-0.127517103678,-2.071799832,-16.160488195,0.703432245923,-0.87242424385,-2.6891613718,-2.40942660551
0.9,0.718307583368,-0.137844001439,-2.05892063563,-16.1696614413,0.699036619651,-0.885804300091,-2.66280379775,-2.42098675522
0.905,0.717592681238,-0.148105925934,-2.04581098065,-16.1792575819,0.694574423996,-0.899051712635,-2.6361047102,-2.43280823794
0.91,0.716826634308,-0.158301731728,-2.03247361613,-16.189258484,0.690046326424,-0.912164786218,-2.6090690396,-2.44488714339
0.915,0.716009776005,-0.168430287218,-2.01891132599,-16.1996458993,0.685453002817,-0.925141850367,-2.58170177282,-2.45721947093
0.92,0.715142445383,-0.178490474807,-2.00512692853,-16.2104014791,0.680795137347,-0.937981259686,-2.55400795219,-2.4698011279
0.925,0.714224987044,-0.188481191076,-1.99112327588,-16.2215067906,0.676073422347,-0.950681394125,-2.52599267444,-2.48262792795
0.93,0.713257751073,-0.198401346948,-1.97690325346,-16.2329433321,0.671288558189,-0.96324065925,-2.49766108968,-2.49569558945
0.935,0.712241092967,-0.208249867856,-1.96246977946,-16.2446925488,0.666441253152,-0.975657486511,-2.46901840034,-2.50899973391
0.94,0.711175373554,-0.218025693905,-1.94782580428,-16.2567358485,0.661532223292,-0.987930333499,-2.44006986013,-2.52253588459
0.945,0.710060958928,-0.227727780032,-1.93297430996,-16.2690546174,0.656562192312,-1.0000576842,-2.41082077298,-2.53629946505
0.95,0.708898220371,-0.23735509616,-1.91791830968,-16.2816302351,0.651531891428,-1.01203804924,-2.38127649192,-2.55028579788
0.955,0.707687534276,-0.246906627357,-1.90266084711,-16.2944440911,0.646442059235,-1.02386996613,-2.35144241804,-2.56449010347
0.96,0.706429282073,-0.256381373982,-1.88720499592,-16.3074775994,0.641293441574,-1.03555199951,-2.3213239994,-2.5789074989
0.965,0.705123850151,-0.265778351838,-1.87155385918,-16.3207122145,0.636086791394,-1.04708274137,-2.29092672989,-2.59353299695
0.97,0.703771629784,-0.275096592316,-1.85571056875,-16.3341294466,0.630822868615,-1.05846081128,-2.26025614812,-2.60836150515
0.975,0.702373017046,-0.284335142535,-1.83967828475,-16.3477108766,0.625502439991,-1.06968485663,-2.22931783635,-2.62338782507
0.98,0.700928412738,-0.293493065486,-1.82346019493,-16.3614381714,0.620126278966,-1.0807535528,-2.1981174193,-2.63860665162
0.985,0.699438222306,-0.302569440164,-1.8070595141,-16.3752930989,0.61469516554,-1.09166560342,-2.16666056305,-2.65401257254
0.99,0.697902855759,-0.311563361709,-1.79047948352,-16.3892575427,0.609209886122,-1.10241974054,-2.13495297389,-2.66960006799
0.995,0.696322727593,-0.320473941527,-1.77372337031,-16.4033135169,0.603671233391,-1.11301472484,-2.10300039713,-2.68536351036
1,0.694698256702,-0.329300307427,-1.75679446683,-16.4174431805,0.598080006148,-1.12344934584,-2.07080861601,-2.70129716414
1.005,0.693029866302,-0.338041603739,-1.73969609006,-16.4316288514,0.592437009176,-1.13372242203,-2.03838345048,-2.71739518598
1.01,0.691317983846,-0.346696991439,-1.72243158104,-16.4458530209,0.586743053091,-1.14383280112,-2.00573075601,-2.7336516249
1.015,0.68956304094,-0.355265648268,-1.70500430417,-16.4600983674,0.580998954199,-1.15377936019,-1.97285642249,-2.75006042273
1.02,0.687765473258,-0.363746768845,-1.68741764664,-16.47434777,0.575205534346,-1.16356100582,-1.93976637295,-2.76661541458
1.025,0.68592572046,-0.372139564781,-1.66967501781,-16.4885843216,0.569363620771,-1.17317667432,-1.90646656244,-2.78331032966
1.03,0.684044226105,-0.380443264788,-1.65177984854,-16.5027913424,0.563474045957,-1.18262533182,-1.87296297677,-2.80013879211
1.035,0.682121437563,-0.388657114784,-1.63373559058,-16.5169523924,0.55753764748,-1.19190597448,-1.83926163135,-2.81709432212
1.04,0.680157805936,-0.396780377998,-1.61554571592,-16.5310512841,0.551555267861,-1.2010176286,-1.80536856997,-2.83417033721
1.045,0.678153785961,-0.404812335067,-1.59721371617,-16.5450720946,0.545527754415,-1.20995935077,-1.77128986357,-2.8513601537
1.05,0.676109835933,-0.412752284135,-1.5787431019,-16.5589991775,0.539455959097,-1.21873022799,-1.73703160903,-2.86865698831
1.055,0.674026417608,-0.420599540943,-1.560137402,-16.5728171744,0.533340738349,-1.22732937782,-1.70259992795,-2.88605396008
1.06,0.671903996122,-0.428353438922,-1.54140016301,-16.5865110263,0.527182952952,-1.23575594847,-1.66800096542,-2.90354409236
1.065,0.669743039899,-0.436013329279,-1.52253494849,-16.6000659839,0.520983467867,-1.24400911895,-1.63324088877,-2.92112031507
1.07,0.667544020561,-0.44357858108,-1.50354533835,-16.6134676191,0.514743152082,-1.25208809914,-1.59832588635,-2.93877546714
1.075,0.665307412842,-0.451048581329,-1.48443492821,-16.626701834,0.508462878459,-1.25999212995,-1.56326216629,-2.95650229916
1.08,0.663033694493,-0.458422735046,-1.46520732871,-16.6397548711,0.50214352358,-1.26772048332,-1.52805595525,-2.97429347618
1.085,0.660723346198,-0.465700465341,-1.44586616486,-16.6526133229,0.495785967585,-1.27527246242,-1.49271349717,-2.99214158081
1.09,0.658376851478,-0.472881213484,-1.42641507538,-16.6652641403,0.489391094024,-1.28264740165,-1.45724105204,-3.01003911641
1.095,0.655994696602,-0.479964438971,-1.40685771203,-16.6776946412,0.482959789694,-1.28984466675,-1.4216448946,-3.02797851053
1.1,0.653577370497,-0.486949619588,-1.38719773894,-16.6898925188,0.476492944486,-1.29686365489,-1.38593131315,-3.04595211858
1.105,0.651125364655,-0.49383625147,-1.36743883191,-16.701845849,0.469991451227,-1.30370379468,-1.35010660826,-3.06395222765
1.11,0.648639173041,-0.500623849161,-1.34758467777,-16.7135430974,0.463456205521,-1.31036454628,-1.31417709148,-3.08197106051
1.115,0.646119292,-0.507311945664,-1.32763897372,-16.7249731267,0.456888105593,-1.31684540144,-1.27814908417,-3.10000077987
1.12,0.643566220168,-0.513900092492,-1.30760542659,-16.7361252023,0.45028805213,-1.32314588352,-1.24202891612,-3.11803349274
1.125,0.640980458375,-0.520387859717,-1.28748775221,-16.7469889982,0.443656948123,-1.32926554756,-1.2058229244,-3.13606125506
1.13,0.638362509557,-0.526774836009,-1.26728967472,-16.7575546029,0.436995698709,-1.3352039803,-1.16953745202,-3.15407607645
1.135,0.635712878656,-0.533060628678,-1.24701492589,-16.7678125237,0.43030521101,-1.34096080019,-1.13317884672,-3.17206992516
1.14,0.633032072534,-0.539244863713,-1.22666724442,-16.7777536914,0.42358639398,-1.34653565746,-1.09675345965,-3.19003473321
1.145,0.630320599874,-0.54532718581,-1.20625037529,-16.7873694641,0.416840158239,-1.35192823408,-1.06026764416,-3.20796240163
1.15,0.627578971092,-0.551307258404,-1.18576806903,-16.7966516308,0.410067415919,-1.35713824378,-1.02372775452,-3.22584480597
1.155,0.624807698237,-0.557184763697,-1.16522408108,-16.8055924146,0.403269080505,-1.36216543209,-0.987140144649,-3.24367380185
1.16,0.6220072949,-0.562959402678,-1.14462217107,-16.8141844747,0.396446066673,-1.36700957628,-0.950511166848,-3.26144123073
1.165,0.619178276122,-0.568630895143,-1.12396610218,-16.8224209089,0.389599290136,-1.37167048539,-0.913847170566,-3.27913892582
1.17,0.616321158296,-0.574198979711,-1.10325964039,-16.830295255,0.382729667478,-1.3761480002,-0.87715450112,-3.29675871805
1.175,0.613436459077,-0.579663413838,-1.08250655385,-16.837801492,0.375838116005,-1.38044199318,-0.840439498448,-3.3142924423
1.18,0.610524697283,-0.585023973824,-1.06171061215,-16.8449340406,0.368925553578,-1.38455236852,-0.803708495848,-3.33173194361
1.185,0.607586392805,-0.590280454819,-1.04087558566,-16.8516877634,0.361992898458,-1.38847906202,-0.766967818732,-3.34906908359
1.19,0.60462206651,-0.595432670824,-1.02000524486,-16.858057965,0.35504106915,-1.39222204111,-0.730223783367,-3.36629574691
1.195,0.601632240151,-0.600480454693,-0.999103359601,-16.8640403906,0.348070984241,-1.39578130476,-0.693482695637,-3.38340384783
1.2,0.598617436265,-0.605423658127,-0.97817369847,-16.8696312251,0.341083562246,-1.39915688347,-0.656750849791,-3.40038533694
1.205,0.595578178087,-0.610262151663,-0.957220028078,-16.8748270918,0.334079721447,-1.40234883913,-0.620034527206,-3.41723220781
1.21,0.592514989451,-0.614995824666,-0.936246112384,-16.8796250498,0.327060379739,-1.40535726506,-0.583339995148,-3.43393650386
1.215,0.589428394695,-0.619624585312,-0.915255712011,-16.8840225916,0.320026454473,-1.40818228582,-0.546673505537,-3.45049032516
1.22,0.586318918574,-0.624148360572,-0.894252583565,-16.8880176406,0.312978862298,-1.41082405724,-0.51004129372,-3.46688583534
1.225,0.583187086157,-0.628567096188,-0.873240478949,-16.8916085472,0.305918519006,-1.41328276625,-0.473449577242,-3.48311526857
1.23,0.580033422739,-0.632880756646,-0.852223144686,-16.8947940852,0.298846339378,-1.41555863084,-0.436904554626,-3.49917093643
1.235,0.576858453745,-0.637089325153,-0.831204321241,-16.8975734479,0.291763237026,-1.41765189992,-0.400412404157,-3.51504523494
1.24,0.573662704638,-0.6411928036,-0.810187742339,-16.8999462433,0.28467012424,-1.41956285326,-0.363979282671,-3.5307306515
1.245,0.570446700826,-0.645191212528,-0.789177134294,-16.9019124893,0.277567911837,-1.42129180136,-0.32761132435,-3.54621977187
1.25,0.567210967565,-0.649084591092,-0.768176215332,-16.9034726082,0.270457509002,-1.4228390853,-0.291314639519,-3.56150528707
1.255,0.56395602987,-0.652872997013,-0.747188694916,-16.9046274216,0.26333982314,-1.42420507668,-0.255095313452,-3.57658000033
1.26,0.560682412423,-0.656556506539,-0.726218273083,-16.9053781439,0.256215759721,-1.42539017746,-0.218959405184,-3.59143683392
1.265,0.557390639475,-0.660135214392,-0.705268639766,-16.9057263762,0.249086222131,-1.42639481982,-0.182912946332,-3.606068836
1.27,0.554081234761,-0.663609233717,-0.684343474133,-16.9056740997,0.241952111518,-1.42721946602,-0.146961939911,-3.6204691873
1.275,0.550754721401,-0.666978696026,-0.663446443923,-16.9052236687,0.234814326645,-1.42786460826,-0.111112359174,-3.63463120785
1.28,0.547411621813,-0.670243751142,-0.642581204783,-16.9043778037,0.22767376374,-1.42833076856,-0.0753701464455,-3.64854836354
1.285,0.544052457622,-0.673404567132,-0.621751399607,-16.9031395835,0.220531316345,-1.42861849853,-0.0397412119656,-3.66221427259
1.29,0.540677749565,-0.676461330245,-0.600960657882,-16.9015124376,0.213387875172,-1.42872837927,-0.0042314327463,-3.67562271194
1.295,0.537288017402,-0.679414244843,-0.580212595034,-16.8995001385,0.206244327952,-1.42866102119,0.0311533485697,-3.68876762351
1.3,0.533883779827,-0.682263533328,-0.559510811774,-16.8971067932,0.199101559294,-1.42841706379,0.0664073248403,-3.7016431203
1.305,0.530465554379,-0.68500943607,-0.538858893455,-16.8943368346,0.191960450534,-1.42799717556,0.101524725547,-3.71424349239
1.31,0.527033857347,-0.687652211321,-0.518260409423,-16.8911950134,0.184821879596,-1.42740205372,0.136499817911,-3.72656321279
1.315,0.523589203686,-0.690192135143,-0.497718912375,-16.8876863889,0.177686720845,-1.42663242406,0.171326907995,-3.73859694307
1.32,0.520132106926,-0.692629501317,-0.477237937726,-16.8838163198,0.170555844946,-1.42568904074,0.206000341807,-3.75033953892
1.325,0.516663079084,-0.694964621255,-0.456821002967,-16.8795904557,0.163430118725,-1.42457268609,0.240514506382,-3.76178605541
1.33,0.513182630576,-0.697197823912,-0.43647160704,-16.8750147274,0.156310405022,-1.42328417041,0.274863830865,-3.77293175218
1.335,0.509691270131,-0.69932945569,-0.416193229706,-16.8700953372,0.14919756256,-1.42182433173,0.309042787579,-3.78377209832
1.34,0.506189504699,-0.701359880341,-0.395989330924,-16.86483875,0.142092445802,-1.42019403562,0.343045893081,-3.79430277716
1.345,0.502677839372,-0.703289478864,-0.37586335023,-16.8592516832,0.134995904813,-1.41839417495,0.376867709218,-3.80451969076
1.35,0.499156777291,-0.705118649406,-0.35581870612,-16.8533410971,0.127908785128,-1.41642566967,0.410502844158,-3.81441896418
1.355,0.495626819567,-0.706847807149,-0.335858795442,-16.8471141854,0.120831927614,-1.41428946656,0.443945953426,-3.82399694959
1.36,0.492088465188,-0.708477384208,-0.315986992785,-16.8405783649,0.113766168338,-1.41198653901,0.477191740918,-3.83325023007
1.365,0.488542210945,-0.710007829511,-0.296206649878,-16.8337412658,0.106712338434,-1.40951788676,0.510234959906,-3.84217562319
1.37,0.484988551338,-0.711439608688,-0.276521094989,-16.826610722,0.0996712639701,-1.40688453568,0.543070414041,-3.85077018439
1.375,0.481427978499,-0.712773203949,-0.256933632336,-16.8191947609,0.0926437658234,-1.40408753748,0.575692958328,-3.85903121001
1.38,0.477860982108,-0.714009113966,-0.23744754149,-16.8115015937,0.0856306595465,-1.40112796944,0.608097500109,-3.86695624014
1.385,0.474288049311,-0.715147853743,-0.218066076801,-16.8035396053,0.0786327552424,-1.39800693421,0.640279000017,-3.87454306118
1.39,0.470709664636,-0.716189954493,-0.198792466806,-16.7953173447,0.0716508574382,-1.39472555949,0.672232472931,-3.88178970812
1.395,0.467126309919,-0.717135963507,-0.179629913666,-16.7868435149,0.0646857649605,-1.39128499775,0.703952988908,-3.88869446656
1.4,0.463538464216,-0.717986444018,-0.160581592589,-16.7781269631,0.0577382708121,-1.38768642599,0.735435674113,-3.89525587444
1.405,0.459946603729,-0.718741975067,-0.141650651269,-16.7691766715,0.05080916205,-1.38393104542,0.766675711731,-3.90147272353
1.41,0.456351201725,-0.719403151365,-0.122840209326,-16.7600017469,0.0438992196652,-1.38002008122,0.797668342864,-3.90734406055
1.415,0.452752728457,-0.719970583146,-0.104153357754,-16.7506114116,0.0370092184638,-1.37595478218,0.828408867422,-3.91286918814
1.42,0.449151651092,-0.720444896031,-0.0855931583703,-16.7410149941,0.0301399269492,-1.37173642046,0.858892644995,-3.91804766542
1.425,0.445548433628,-0.720826730872,-0.0671626432754,-16.7312219191,0.0232921072063,-1.36736629127,0.889115095716,-3.92287930832
1.43,0.441943536821,-0.721116743609,-0.048864814316,-16.7212416991,0.0164665147869,-1.36284571258,0.919071701106,-3.92736418962
1.435,0.438337418111,-0.721315605112,-0.030702642554,-16.7110839246,0.00966389859687,-1.35817602477,0.94875800491,-3.93150263874
1.44,0.434730531547,-0.721424001031,-0.012679067741,-16.7007582554,0.00288500078471,-1.35335859036,0.978169613919,-3.93529524113
1.445,0.431123327711,-0.721442631633,0.00520300219942,-16.6902744119,-0.00386944336841,-1.34839479367,1.00730219877,-3.93874283753
1.45,0.427516253649,-0.721372211645,0.0229406916856,-16.6796421663,-0.0105987055567,-1.34328604052,1.03615149476,-3.94184652282
1.455,0.423909752798,-0.72121347009,0.0405311579837,-16.6688713339,-0.0173020645567,-1.33803375788,1.06471330258,-3.94460764466
1.46,0.420304264913,-0.720967150121,0.0579715917083,-16.657971765,-0.0239788063316,-1.33263939354,1.09298348912,-3.9470278018
1.465,0.416700225999,-0.720634008855,0.0752592173163,-16.6469533367,-0.0306282241353,-1.3271044158,1.12095798822,-3.9491088422
1.47,0.413098068242,-0.720214817199,0.0923912935943,-16.6358259446,-0.0372496186136,-1.32143031314,1.14863280137,-3.95085286076
1.475,0.409498219938,-0.719710359681,0.10936511414,-16.6245994954,-0.0438422979045,-1.31561859382,1.17600399846,-3.95226219689
1.48,0.405901105426,-0.719121434271,0.126178007835,-16.613283899,-0.0504055777359,-1.30967078562,1.20306771847,-3.95333943172
1.485,0.402307145024,-0.718448852208,0.142827339314,-16.6018890609,-0.0569387815229,-1.30358843542,1.22982017017,-3.95408738518
1.49,0.398716754959,-0.717693437816,0.159310509427,-16.5904248755,-0.0634412404619,-1.2973731089,1.25625763278,-3.95450911265
1.495,0.395130347305,-0.716856028322,0.175624955687,-16.5789012185,-0.0699122936239,-1.29102639016,1.28237645665,-3.95460790152
1.5,0.391548329918,-0.715937473676,0.191768152725,-16.5673279401,-0.0763512880458,-1.28454988137,1.30817306389,-3.95438726745
1.505,0.387971106373,-0.714938636359,0.207737612724,-16.5557148589,-0.0827575788196,-1.2779452024,1.33364394901,-3.95385095033
1.51,0.384399075901,-0.713860391196,0.223530885854,-16.5440717547,-0.0891305291805,-1.27121399047,1.35878567949,-3.95300291014
1.515,0.38083263333,-0.712703625166,0.239145560696,-16.5324083628,-0.0954695105922,-1.26435789979,1.38359489646,-3.95184732247
1.52,0.37727216902,-0.711469237209,0.254579264664,-16.5207343679,-0.101773902831,-1.25737860117,1.40806831519,-3.95038857387
1.525,0.37371806881,-0.710158138029,0.269829664409,-16.5090593979,-0.108043094068,-1.25027778166,1.43220272571,-3.94863125703
1.53,0.370170713956,-0.708771249897,0.284894466231,-16.4973930191,-0.11427648095,-1.24305714416,1.45599499335,-3.94658016568
1.535,0.366630481071,-0.707309506455,0.299771416468,-16.4857447298,-0.120473468676,-1.23571840707,1.47944205925,-3.94424028936
1.54,0.363097742076,-0.705773852509,0.314458301886,-16.474123956,-0.126633471076,-1.22826330388,1.50254094091,-3.941616808
1.545,0.359572864138,-0.704165243834,0.328952950062,-16.4625400459,-0.132755910684,-1.22069358281,1.52528873265,-3.93871508629
1.55,0.356056209618,-0.702484646959,0.343253229755,-16.4510022655,-0.138840218812,-1.21301100642,1.54768260612,-3.9355406679
1.555,0.352548136021,-0.700733038969,0.357357051271,-16.4395197937,-0.144885835617,-1.2052173512,1.56971981076,-3.9320992696
1.56,0.349048995935,-0.698911407292,0.371262366821,-16.4281017182,-0.150892210175,-1.19731440722,1.59139767425,-3.9283967751
1.565,0.345559136992,-0.697020749489,0.384967170872,-16.4167570312,-0.156858800545,-1.18930397769,1.61271360293,-3.92443922893
1.57,0.342078901805,-0.695062073043,0.398469500482,-16.4054946258,-0.162785073835,-1.18118787861,1.63366508222,-3.92023282999
1.575,0.338608627931,-0.693036395144,0.411767435644,-16.3943232916,-0.168670506262,-1.17296793835,1.65424967702,-3.91578392519
1.58,0.335148647812,-0.690944742474,0.424859099599,-16.3832517118,-0.174514583217,-1.16464599724,1.6744650321,-3.9110990028
1.585,0.331699288738,-0.688788150991,0.437742659166,-16.3722884596,-0.180316799319,-1.15622390722,1.69430887246,-3.90618468579
1.59,0.328260872793,-0.686567665708,0.450416325038,-16.361441995,-0.186076658479,-1.14770353137,1.71377900366,-3.9010477251
1.595,0.324833716815,-0.684284340474,0.462878352094,-16.3507206617,-0.191793673946,-1.13908674356,1.73287331214,-3.89569499277
1.6,0.321418132351,-0.681939237755,0.475127039682,-16.3401326845,-0.197467368367,-1.13037542801,1.75158976559,-3.89013347503
1.605,0.318014425615,-0.679533428405,0.487160731912,-16.3296861669,-0.203097273836,-1.12157147892,1.76992641319,-3.8843702653
1.61,0.314622897447,-0.677067991449,0.498977817922,-16.3193890879,-0.20868293194,-1.11267680001,1.78788138588,-3.87841255724
1.615,0.311243843269,-0.674544013848,0.510576732152,-16.3092493005,-0.214223893807,-1.10369330417,1.80545289666,-3.87226763759
1.62,0.307877553052,-0.671962590283,0.521955954601,-16.2992745292,-0.219719720155,-1.09462291299,1.82263924082,-3.86594287916
1.625,0.304524311273,-0.669324822915,0.533114011075,-16.289472368,-0.225169981328,-1.08546755641,1.83943879612,-3.85944573366
1.63,0.30118439688,-0.666631821165,0.54404947343,-16.2798502789,-0.23057425734,-1.07622917225,1.85585002307,-3.85278372458
1.635,0.297858083258,-0.663884701476,0.554760959804,-16.2704155898,-0.235932137913,-1.06690970583,1.87187146505,-3.84596444008
1.64,0.294545638191,-0.661084587088,0.565247134842,-16.2611754936,-0.241243222515,-1.05751110954,1.88750174851,-3.83899552587
1.645,0.291247323829,-0.658232607797,0.57550670991,-16.2521370461,-0.24650712039,-1.04803534243,1.90273958315,-3.83188467807
1.65,0.287963396661,-0.655329899728,0.585538443303,-16.2433071655,-0.251723450596,-1.0384843698,1.91758376199,-3.82463963617
1.655,0.284694107476,-0.652377605094,0.595341140439,-16.2346926307,-0.25689184203,-1.02886016278,1.93203316154,-3.81726817598
1.66,0.281439701341,-0.649376871965,0.604913654055,-16.2263000808,-0.26201193346,-1.01916469789,1.94608674188,-3.80977810261
1.665,0.278200417565,-0.646328854028,0.614254884378,-16.2181360138,-0.267083373548,-1.00939995666,1.95974354674,-3.80217724354
1.67,0.274976489677,-0.64323471035,0.623363779303,-16.2102067865,-0.272105820876,-0.999567925173,1.97300270358,-3.79447344173
1.675,0.271768145398,-0.640095605137,0.632239334553,-16.202518613,-0.277078943967,-0.989670593687,1.98586342359,-3.7866745488
1.68,0.268575606614,-0.6369127075,0.640880593831,-16.1950775651,-0.282002421303,-0.979709956178,1.99832500179,-3.77878841831
1.685,0.265399089354,-0.633687191209,0.649286648964,-16.1878895713,-0.286875941347,-0.969688009945,2.01038681696,-3.77082289905
1.69,0.262238803769,-0.630420234453,0.657456640042,-16.1809604166,-0.291699202555,-0.959606755181,2.0220483317,-3.76278582854
1.695,0.259094954107,-0.627113019603,0.665389755539,-16.1742957425,-0.296471913389,-0.949468194556,2.03330909236,-3.75468502651
1.7,0.255967738693,-0.623766732965,0.673085232432,-16.1679010465,-0.301193792332,-0.939274332802,2.04416872902,-3.7465282886
1.705,0.252857349913,-0.620382564537,0.68054235631,-16.1617816825,-0.305864567892,-0.929027176288,2.05462695541,-3.73832338004
1.71,0.249763974195,-0.616961707769,0.687760461472,-16.1559428604,-0.310483978616,-0.918728732607,2.06468356885,-3.73007802958
1.715,0.246687791989,-0.613505359318,0.694738931018,-16.1503896465,-0.315051773087,-0.908381010158,2.07433845013,-3.72179992346
1.72,0.243628977755,-0.610014718801,0.701477196926,-16.1451269634,-0.319567709934,-0.897986017724,2.08359156342,-3.71349669953
1.725,0.24058769995,-0.606490988556,0.707974740128,-16.1401595907,-0.324031557829,-0.887545764063,2.09244295613,-3.70517594154
1.73,0.237564121011,-0.60293537339,0.714231090568,-16.1354921648,-0.328443095487,-0.877062257484,2.10089275873,-3.69684517351
1.735,0.234558397346,-0.599349080342,0.72024582726,-16.1311291796,-0.332802111661,-0.866537505441,2.10894118464,-3.68851185429
1.74,0.231570679323,-0.59573331843,0.726018578326,-16.1270749867,-0.337108405142,-0.85597351411,2.11658852998,-3.68018337228
1.745,0.228601111259,-0.592089298409,0.731549021037,-16.1233337961,-0.341361784745,-0.845372287982,2.12383517343,-3.67186704025
1.75,0.225649831415,-0.588418232525,0.736836881833,-16.1199096765,-0.345562069302,-0.834735829449,2.13068157595,-3.66357009037
1.755,0.222716971988,-0.58472133427,0.741881936345,-16.1168065559,-0.349709087652,-0.82406613839,2.1371282806,-3.65529966937
1.76,0.219802659102,-0.580999818134,0.746684009396,-16.1140282225,-0.353802678626,-0.813365211769,2.14317591223,-3.64706283388
1.765,0.216907012811,-0.577254899358,0.751242975004,-16.1115783248,-0.357842691033,-0.802635043217,2.14882517723,-3.63886654595
1.77,0.214030147087,-0.573487793694,0.755558756369,-16.1094603727,-0.361828983639,-0.791877622633,2.15407686328,-3.63071766869
1.775,0.211172169825,-0.56969971715,0.759631325852,-16.107677738,-0.365761425149,-0.781094935773,2.15893183898,-3.62262296215
1.78,0.20833318284,-0.565891885755,0.763460704947,-16.1062336554,-0.369639894188,-0.770288963849,2.16339105353,-3.6145890793
1.785,0.205513281866,-0.562065515303,0.76704696424,-16.1051312228,-0.373464279273,-0.759461683128,2.16745553647,-3.60662256226
1.79,0.20271255656,-0.558221821116,0.770390223364,-16.1043734024,-0.37723447879,-0.748615064526,2.17112639721,-3.59872983868
1.795,0.199931090504,-0.554362017792,0.77349065094,-16.1039630216,-0.380950400964,-0.737751073215,2.17440482473,-3.59091721821
1.8,0.197168961208,-0.550487318966,0.776348464511,-16.1039027735,-0.384611963833,-0.726871668225,2.17729208718,-3.58319088934
1.805,0.194426240119,-0.546598937062,0.778963930467,-16.1041952179,-0.388219095212,-0.715978802045,2.17978953144,-3.5755569162
1.81,0.191702992624,-0.542698083051,0.781337363962,-16.1048427821,-0.391771732661,-0.705074420236,2.18189858273,-3.5680212357
1.815,0.18899927806,-0.538785966206,0.783469128817,-16.1058477619,-0.395269823452,-0.694160461038,2.18362074414,-3.5605896548
1.82,0.186315149721,-0.534863793859,0.785359637421,-16.1072123223,-0.398713324527,-0.683238854982,2.1849575962,-3.55326784788
1.825,0.183650654872,-0.53093277116,0.787009350617,-16.1089384984,-0.402102202462,-0.672311524501,2.18591079639,-3.54606135444
1.83,0.181005834755,-0.526994100833,0.788418777582,-16.1110281964,-0.405436433422,-0.661380383552,2.18648207865,-3.53897557682
1.835,0.178380724609,-0.523048982935,0.789588475699,-16.1134831944,-0.408716003122,-0.650447337232,2.18667325289,-3.5320157782
1.84,0.175775353677,-0.519098614618,0.790519050416,-16.116305143,-0.411940906779,-0.639514281398,2.18648620443,-3.52518708071
1.845,0.173189745223,-0.515144189884,0.791211155098,-16.1194955668,-0.415111149065,-0.628583102295,2.18592289352,-3.51849446377
1.85,0.170623916554,-0.511186899351,0.791665490873,-16.123055865,-0.418226744058,-0.61765567618,2.18498535474,-3.51194276251
1.855,0.168077879028,-0.507227930011,0.791882806465,-16.1269873118,-0.421287715192,-0.606733868951,2.18367569645,-3.50553666647
1.86,0.16555163808,-0.503268464996,0.791863898019,-16.1312910582,-0.424294095204,-0.595819535783,2.18199610021,-3.49928071836
1.865,0.163045193239,-0.499309683335,0.79160960892,-16.135968132,-0.427245926081,-0.58491452076,2.17994882016,-3.49317931301
1.87,0.160558538149,-0.495352759726,0.791120829597,-16.1410194394,-0.430143258997,-0.574020656515,2.17753618244,-3.48723669654
1.875,0.158091660594,-0.491398864296,0.790398497329,-16.1464457654,-0.432986154266,-0.563139763873,2.17476058452,-3.48145696559
1.88,0.155644542517,-0.48744916237,0.789443596027,-16.1522477746,-0.435774681271,-0.552273651494,2.17162449461,-3.47584406675
1.885,0.153217160047,-0.483504814237,0.788257156023,-16.1584260124,-0.438508918409,-0.54142411552,2.16813045093,-3.47040179614
1.89,0.150809483526,-0.479566974916,0.78684025384,-16.1649809057,-0.441188953026,-0.530592939232,2.16428106109,-3.46513379913
1.895,0.148421477534,-0.475636793933,0.785194011957,-16.1719127636,-0.443814881351,-0.519781892696,2.16007900141,-3.46004357017
1.9,0.146053100916,-0.471715415085,0.783319598565,-16.1792217784,-0.446386808431,-0.508992732431,2.15552701616,-3.45513445278
1.905,0.143704306816,-0.467803976213,0.781218227314,-16.1869080262,-0.448904848058,-0.498227201062,2.15062791691,-3.45040963971
1.91,0.141375042701,-0.463903608979,0.778891157056,-16.1949714677,-0.451369122704,-0.487487026992,2.14538458175,-3.44587217313
1.915,0.139065250398,-0.460015438637,0.776339691568,-16.2034119495,-0.453779763447,-0.476773924068,2.13979995457,-3.44152494503
1.92,0.136774866122,-0.456140583811,0.773565179281,-16.212229204,-0.456136909896,-0.466089591255,2.13387704431,-3.43737069772
1.925,0.134503820514,-0.45228015627,0.770569012992,-16.2214228507,-0.458440710117,-0.455435712311,2.12761892417,-3.4334120244
1.93,0.132252038672,-0.448435260712,0.76735262957,-16.2309923971,-0.460691320557,-0.444813955472,2.12102873083,-3.42965136989
1.935,0.13001944019,-0.444606994538,0.76391750965,-16.2409372388,-0.462888905964,-0.434225973129,2.11410966369,-3.42609103145
1.94,0.127805939194,-0.440796447639,0.76026517733,-16.2512566607,-0.465033639307,-0.423673401526,2.10686498398,-3.42273315967
1.945,0.125611444378,-0.437004702176,0.756397199845,-16.2619498376,-0.467125701697,-0.413157860443,2.09929801403,-3.41957975952
1.95,0.123435859046,-0.433232832368,0.752315187243,-16.2730158347,-0.469165282302,-0.402680952902,2.09141213636,-3.41663269143
1.955,0.121279081151,-0.429481904277,0.74802079205,-16.2844536084,-0.47115257826,-0.392244264859,2.0832107929,-3.41389367247
1.96,0.119141003337,-0.425752975596,0.743515708931,-16.2962620071,-0.473087794598,-0.381849364918,2.07469748405,-3.41136427763
1.965,0.11702151298,-0.422047095442,0.738801674333,-16.3084397713,-0.474971144142,-0.371497804034,2.0658757679,-3.40904594117
1.97,0.114920492234,-0.418365304144,0.733880466131,-16.3209855349,-0.476802847426,-0.36119111523,2.05674925927,-3.40693995803
1.975,0.112837818071,-0.414708633041,0.728753903264,-16.333897825,-0.478583132607,-0.350930813314,2.04732162886,-3.40504748531
1.98,0.110773362332,-0.411078104272,0.723423845355,-16.3471750634,-0.480312235366,-0.340718394605,2.03759660233,-3.40336954384
1.985,0.10872699177,-0.407474730581,0.717892192336,-16.3608155662,-0.481990398822,-0.330555336655,2.02757795939,-3.40190701974
1.99,0.106698568096,-0.40389951511,0.712160884057,-16.3748175451,-0.483617873432,-0.320443097986,2.01726953285,-3.40066066614
1.995,0.104687948032,-0.400353451203,0.706231899892,-16.3891791075,-0.4851949169,-0.310383117827,2.00667520772,-3.39963110483
2,0.102694983358,-0.396837522209,0.700107258329,-16.4038982569,-0.486721794075,-0.300376815849,1.99579892023,-3.39881882804
2.005,0.100719520963,-0.393352701288,0.69378901657,-16.418972894,-0.488198776856,-0.29042559192,1.98464465686,-3.39822420025
2.01,0.0987614028933,-0.38989995122,0.687279270105,-16.4344008163,-0.489626144092,-0.28053082585,1.97321645344,-3.39784745997
2.015,0.0968204664113,-0.386480224208,0.680580152288,-16.4501797193,-0.491004181478,-0.270693877148,1.96151839406,-3.39768872163
2.02,0.0948965440431,-0.3830944617,0.67369383391,-16.4663071965,-0.492333181458,-0.260916084786,1.9495546102,-3.3977479775
2.025,0.0929894636354,-0.379743594193,0.666622522755,-16.48278074,-0.493613443118,-0.25119876696,1.93732927962,-3.39802509952
2.03,0.09109904841,-0.376428541055,0.659368463156,-16.4995977408,-0.494845272082,-0.241543220865,1.92484662546,-3.39851984132
2.035,0.0892251170201,-0.373150210343,0.651933935544,-16.5167554891,-0.496028980408,-0.231950722468,1.91211091513,-3.39923184012
2.04,0.0873674836076,-0.369909498621,0.644321255984,-16.5342511751,-0.497164886478,-0.222422526292,1.89912645934,-3.40016061869
2.045,0.0855259578601,-0.366707290786,0.636532775715,-16.5520818885,-0.498253314897,-0.212959865198,1.88589761104,-3.40130558737
2.05,0.0837003450708,-0.363544459891,0.628570880675,-16.5702446199,-0.499294596375,-0.203563950181,1.87242876442,-3.402666046
2.055,0.0818904461972,-0.360421866973,0.62043799102,-16.5887362603,-0.500289067625,-0.194235970163,1.85872435378,-3.4042411859
2.06,0.0800960579223,-0.357340360884,0.612136560643,-16.6075536016,-0.501237071247,-0.184977091796,1.84478885257,-3.40603009192
2.065,0.0783169727155,-0.354300778124,0.603669076679,-16.626693337,-0.50213895562,-0.175788459271,1.83062677224,-3.40803174435
2.07,0.0765529788949,-0.351303942675,0.595038059009,-16.6461520615,-0.502995074787,-0.166671194127,1.81624266122,-3.41024502091
2.075,0.0748038606903,-0.348350665838,0.586246059755,-16.6659262716,-0.50380578834,-0.157626395071,1.8016411038,-3.41266869876
2.08,0.0730693983073,-0.345441746075,0.577295662774,-16.6860123659,-0.504571461309,-0.148655137803,1.7868267191,-3.41530145642
2.085,0.0713493679913,-0.34257796885,0.568189483136,-16.7064066454,-0.505292464043,-0.139758474839,1.77180415991,-3.41814187573
2.09,0.0696435420933,-0.339760106474,0.558930166608,-16.7271053135,-0.505969172097,-0.130937435354,1.75657811164,-3.42118844378
2.095,0.0679516891361,-0.336988917954,0.549520389126,-16.7481044766,-0.506601966113,-0.122193025012,1.74115329117,-3.42443955484
